{"cameraMode":{"drawMode":0,"name":"Shaded","section":"Shading Mode"},"sceneLighting":true,"audioPlay":false,"sceneViewState":{"m_AlwaysRefresh":false,"showFog":true,"showSkybox":true,"showFlares":true,"showImageEffects":true,"showParticleSystems":true,"showVisualEffectGraphs":true,"m_FxEnabled":true},"in2DMode":false,"pivot":{"x":-20.8638916015625,"y":10.705070495605469,"z":15.301398277282715},"rotation":{"x":0.08368135988712311,"y":0.9015271067619324,"z":-0.20217099785804749,"w":0.3733505308628082},"size":3.1474692821502687,"orthographic":false}