{"cameraMode":{"drawMode":0,"name":"Shaded","section":"Shading Mode"},"sceneLighting":true,"audioPlay":false,"sceneViewState":{"m_AlwaysRefresh":false,"showFog":true,"showSkybox":true,"showFlares":true,"showImageEffects":true,"showParticleSystems":true,"showVisualEffectGraphs":true,"m_FxEnabled":true},"in2DMode":false,"pivot":{"x":4.838997840881348,"y":-2.1967248916625978,"z":16.21230697631836},"rotation":{"x":0.14143303036689759,"y":0.0969412699341774,"z":-0.013921528123319149,"w":0.9850976467132568},"size":12.461819648742676,"orthographic":false}