{"cameraMode":{"drawMode":0,"name":"Shaded","section":"Shading Mode"},"sceneLighting":true,"audioPlay":false,"sceneViewState":{"m_AlwaysRefresh":false,"showFog":true,"showSkybox":true,"showFlares":true,"showImageEffects":true,"showParticleSystems":true,"showVisualEffectGraphs":true,"m_FxEnabled":true},"in2DMode":false,"pivot":{"x":-3.059467315673828,"y":9.539469718933106,"z":0.17520713806152345},"rotation":{"x":-0.001767613459378481,"y":-0.21342791616916657,"z":0.0003927056968677789,"w":-0.9769397974014282},"size":9.083351135253907,"orthographic":false}